INDEX,ORDERNUMBER,QUANTITYORDERED,PRICEEACH,ORDERLINENUMBER,SALES,ORDERDATE,STATUS,QTR_ID,MONTH_ID,YEAR_ID,PRODUCTLINE,MSRP,PRODUCTCODE,CUSTOMERNAME,PHONE,ADDRESSLINE1,ADDRESSLINE2,CITY,STATE,POSTALCODE,COUNTRY,TERRITORY,CONTACTLASTNAME,CONTACTFIRSTNAME,DEALSIZE
10,10223,37,100,1,3965.66,2/20/2004 0:00,Shipped,1,2,2004,Motorcycles,95,S10_1678,"Australian Collectors, Co.",03 9520 4555,636 St Kilda Road,Level 3,Melbourne,Victoria,3004,Australia,APAC,Ferguson,Peter,Medium
21,10361,20,72.55,13,1451,12/17/2004 0:00,Shipped,4,12,2004,Motorcycles,95,S10_1678,Souveniers And Things Co.,+61 2 9495 8555,"Monitor Money Building, 815 Pacific Hwy",Level 6,Chatswood,NSW,2067,Australia,APAC,Huxley,Adrian,Small
40,10270,21,100,9,4905.39,7/19/2004 0:00,Shipped,3,7,2004,Classic Cars,214,S10_1949,Souveniers And Things Co.,+61 2 9495 8555,"Monitor Money Building, 815 Pacific Hwy",Level 6,Chatswood,NSW,2067,Australia,APAC,Huxley,Adrian,Medium
47,10347,30,100,1,3944.7,11/29/2004 0:00,Shipped,4,11,2004,Classic Cars,214,S10_1949,"Australian Collectors, Co.",03 9520 4555,636 St Kilda Road,Level 3,Melbourne,Victoria,3004,Australia,APAC,Ferguson,Peter,Medium
51,10391,24,100,4,2416.56,3/9/2005 0:00,Shipped,1,3,2005,Classic Cars,214,S10_1949,"Anna's Decorations, Ltd",02 9936 8555,201 Miller Street,Level 15,North Sydney,NSW,2060,Australia,APAC,O'Hara,Anna,Small
55,10120,29,96.34,3,2793.86,4/29/2003 0:00,Shipped,2,4,2003,Motorcycles,118,S10_2016,"Australian Collectors, Co.",03 9520 4555,636 St Kilda Road,Level 3,Melbourne,Victoria,3004,Australia,APAC,Ferguson,Peter,Small
64,10223,47,100,4,5422.39,2/20/2004 0:00,Shipped,1,2,2004,Motorcycles,118,S10_2016,"Australian Collectors, Co.",03 9520 4555,636 St Kilda Road,Level 3,Melbourne,Victoria,3004,Australia,APAC,Ferguson,Peter,Medium
75,10361,26,51.15,8,1329.9,12/17/2004 0:00,Shipped,4,12,2004,Motorcycles,118,S10_2016,Souveniers And Things Co.,+61 2 9495 8555,"Monitor Money Building, 815 Pacific Hwy",Level 6,Chatswood,NSW,2067,Australia,APAC,Huxley,Adrian,Small
81,10120,46,100,2,9264.86,4/29/2003 0:00,Shipped,2,4,2003,Motorcycles,193,S10_4698,"Australian Collectors, Co.",03 9520 4555,636 St Kilda Road,Level 3,Melbourne,Victoria,3004,Australia,APAC,Ferguson,Peter,Large
90,10223,49,100,3,9774.03,2/20/2004 0:00,Shipped,1,2,2004,Motorcycles,193,S10_4698,"Australian Collectors, Co.",03 9520 4555,636 St Kilda Road,Level 3,Melbourne,Victoria,3004,Australia,APAC,Ferguson,Peter,Large
147,10270,32,100,2,4302.08,7/19/2004 0:00,Shipped,3,7,2004,Classic Cars,147,S10_4962,Souveniers And Things Co.,+61 2 9495 8555,"Monitor Money Building, 815 Pacific Hwy",Level 6,Chatswood,NSW,2067,Australia,APAC,Huxley,Adrian,Medium
154,10347,27,100,2,4428,11/29/2004 0:00,Shipped,4,11,2004,Classic Cars,147,S10_4962,"Australian Collectors, Co.",03 9520 4555,636 St Kilda Road,Level 3,Melbourne,Victoria,3004,Australia,APAC,Ferguson,Peter,Medium
156,10370,35,65.63,4,2297.05,1/20/2005 0:00,Shipped,1,1,2005,Classic Cars,147,S10_4962,"Anna's Decorations, Ltd",02 9936 8555,201 Miller Street,Level 15,North Sydney,NSW,2060,Australia,APAC,O'Hara,Anna,Small
158,10391,37,46.9,7,1735.3,3/9/2005 0:00,Shipped,1,3,2005,Classic Cars,147,S10_4962,"Anna's Decorations, Ltd",02 9936 8555,201 Miller Street,Level 15,North Sydney,NSW,2060,Australia,APAC,O'Hara,Anna,Small
166,10169,30,100,2,5019.9,11/4/2003 0:00,Shipped,4,11,2003,Classic Cars,194,S12_1099,"Anna's Decorations, Ltd",02 9936 8555,201 Miller Street,Level 15,North Sydney,NSW,2060,Australia,APAC,O'Hara,Anna,Medium
226,10270,28,100,6,4094.72,7/19/2004 0:00,Shipped,3,7,2004,Trucks and Buses,136,S12_1666,Souveniers And Things Co.,+61 2 9495 8555,"Monitor Money Building, 815 Pacific Hwy",Level 6,Chatswood,NSW,2067,Australia,APAC,Huxley,Adrian,Medium
233,10347,29,100,3,3586.43,11/29/2004 0:00,Shipped,4,11,2004,Trucks and Buses,136,S12_1666,"Australian Collectors, Co.",03 9520 4555,636 St Kilda Road,Level 3,Melbourne,Victoria,3004,Australia,APAC,Ferguson,Peter,Medium
235,10370,49,100,8,8470.14,1/20/2005 0:00,Shipped,1,1,2005,Trucks and Buses,136,S12_1666,"Anna's Decorations, Ltd",02 9936 8555,201 Miller Street,Level 15,North Sydney,NSW,2060,Australia,APAC,O'Hara,Anna,Large
237,10391,39,63.2,9,2464.8,3/9/2005 0:00,Shipped,1,3,2005,Trucks and Buses,136,S12_1666,"Anna's Decorations, Ltd",02 9936 8555,201 Miller Street,Level 15,North Sydney,NSW,2060,Australia,APAC,O'Hara,Anna,Small
245,10169,35,100,13,4639.25,11/4/2003 0:00,Shipped,4,11,2003,Motorcycles,150,S12_2823,"Anna's Decorations, Ltd",02 9936 8555,201 Miller Street,Level 15,North Sydney,NSW,2060,Australia,APAC,O'Hara,Anna,Medium
347,10169,36,63.84,3,2298.24,11/4/2003 0:00,Shipped,4,11,2003,Classic Cars,79,S12_3990,"Anna's Decorations, Ltd",02 9936 8555,201 Miller Street,Level 15,North Sydney,NSW,2060,Australia,APAC,O'Hara,Anna,Small
434,10270,43,96.84,8,4164.12,7/19/2004 0:00,Shipped,3,7,2004,Trucks and Buses,116,S18_1097,Souveniers And Things Co.,+61 2 9495 8555,"Monitor Money Building, 815 Pacific Hwy",Level 6,Chatswood,NSW,2067,Australia,APAC,Huxley,Adrian,Medium
441,10347,42,49.6,5,2083.2,11/29/2004 0:00,Shipped,4,11,2004,Trucks and Buses,116,S18_1097,"Australian Collectors, Co.",03 9520 4555,636 St Kilda Road,Level 3,Melbourne,Victoria,3004,Australia,APAC,Ferguson,Peter,Small
443,10370,27,100,1,3911.49,1/20/2005 0:00,Shipped,1,1,2005,Trucks and Buses,116,S18_1097,"Anna's Decorations, Ltd",02 9936 8555,201 Miller Street,Level 15,North Sydney,NSW,2060,Australia,APAC,O'Hara,Anna,Medium
445,10391,29,85.1,10,2467.9,3/9/2005 0:00,Shipped,1,3,2005,Trucks and Buses,116,S18_1097,"Anna's Decorations, Ltd",02 9936 8555,201 Miller Street,Level 15,North Sydney,NSW,2060,Australia,APAC,O'Hara,Anna,Small
451,10148,23,100,13,2702.04,9/11/2003 0:00,Shipped,3,9,2003,Classic Cars,141,S18_1129,"Anna's Decorations, Ltd",02 9936 8555,201 Miller Street,Level 15,North Sydney,NSW,2060,Australia,APAC,O'Hara,Anna,Small
468,10342,40,100,2,6454.4,11/24/2004 0:00,Shipped,4,11,2004,Classic Cars,141,S18_1129,"Australian Collectors, Co.",03 9520 4555,636 St Kilda Road,Level 3,Melbourne,Victoria,3004,Australia,APAC,Ferguson,Peter,Medium
477,10125,32,100,1,3254.72,5/21/2003 0:00,Shipped,2,5,2003,Vintage Cars,102,S18_1342,"Australian Collectors, Co.",03 9520 4555,636 St Kilda Road,Level 3,Melbourne,Victoria,3004,Australia,APAC,Ferguson,Peter,Medium
478,10139,31,100,7,3184.94,7/16/2003 0:00,Shipped,3,7,2003,Vintage Cars,102,S18_1342,Souveniers And Things Co.,+61 2 9495 8555,"Monitor Money Building, 815 Pacific Hwy",Level 6,Chatswood,NSW,2067,Australia,APAC,Huxley,Adrian,Medium
499,10391,35,100,2,5548.9,3/9/2005 0:00,Shipped,1,3,2005,Vintage Cars,102,S18_1342,"Anna's Decorations, Ltd",02 9936 8555,201 Miller Street,Level 15,North Sydney,NSW,2060,Australia,APAC,O'Hara,Anna,Medium
504,10139,49,43.13,6,2113.37,7/16/2003 0:00,Shipped,3,7,2003,Vintage Cars,53,S18_1367,Souveniers And Things Co.,+61 2 9495 8555,"Monitor Money Building, 815 Pacific Hwy",Level 6,Chatswood,NSW,2067,Australia,APAC,Huxley,Adrian,Small
521,10347,21,58.95,7,1237.95,11/29/2004 0:00,Shipped,4,11,2004,Vintage Cars,53,S18_1367,"Australian Collectors, Co.",03 9520 4555,636 St Kilda Road,Level 3,Melbourne,Victoria,3004,Australia,APAC,Ferguson,Peter,Small
525,10391,42,100,3,4998,3/9/2005 0:00,Shipped,1,3,2005,Vintage Cars,53,S18_1367,"Anna's Decorations, Ltd",02 9936 8555,201 Miller Street,Level 15,North Sydney,NSW,2060,Australia,APAC,O'Hara,Anna,Medium
530,10148,47,100,9,5848.68,9/11/2003 0:00,Shipped,3,9,2003,Classic Cars,124,S18_1589,"Anna's Decorations, Ltd",02 9936 8555,201 Miller Street,Level 15,North Sydney,NSW,2060,Australia,APAC,O'Hara,Anna,Medium
599,10420,37,100,5,5283.6,5/29/2005 0:00,In Process,2,5,2005,Vintage Cars,170,S18_1749,Souveniers And Things Co.,+61 2 9495 8555,"Monitor Money Building, 815 Pacific Hwy",Level 6,Chatswood,NSW,2067,Australia,APAC,Huxley,Adrian,Medium
620,10342,55,65.45,1,3599.75,11/24/2004 0:00,Shipped,4,11,2004,Classic Cars,77,S18_1889,"Australian Collectors, Co.",03 9520 4555,636 St Kilda Road,Level 3,Melbourne,Victoria,3004,Australia,APAC,Ferguson,Peter,Medium
629,10148,25,100,12,4232,9/11/2003 0:00,Shipped,3,9,2003,Classic Cars,142,S18_1984,"Anna's Decorations, Ltd",02 9936 8555,201 Miller Street,Level 15,North Sydney,NSW,2060,Australia,APAC,O'Hara,Anna,Medium
646,10342,22,100,3,3160.74,11/24/2004 0:00,Shipped,4,11,2004,Classic Cars,142,S18_1984,"Australian Collectors, Co.",03 9520 4555,636 St Kilda Road,Level 3,Melbourne,Victoria,3004,Australia,APAC,Ferguson,Peter,Medium
701,10420,36,63.57,4,2288.52,5/29/2005 0:00,In Process,2,5,2005,Vintage Cars,60,S18_2248,Souveniers And Things Co.,+61 2 9495 8555,"Monitor Money Building, 815 Pacific Hwy",Level 6,Chatswood,NSW,2067,Australia,APAC,Huxley,Adrian,Small
724,10370,22,100,5,3949,1/20/2005 0:00,Shipped,1,1,2005,Trucks and Buses,122,S18_2319,"Anna's Decorations, Ltd",02 9936 8555,201 Miller Street,Level 15,North Sydney,NSW,2060,Australia,APAC,O'Hara,Anna,Medium
752,10420,45,100,2,4977,5/29/2005 0:00,In Process,2,5,2005,Vintage Cars,127,S18_2325,Souveniers And Things Co.,+61 2 9495 8555,"Monitor Money Building, 815 Pacific Hwy",Level 6,Chatswood,NSW,2067,Australia,APAC,Huxley,Adrian,Medium
774,10347,50,100,8,6834.5,11/29/2004 0:00,Shipped,4,11,2004,Trucks and Buses,60,S18_2432,"Australian Collectors, Co.",03 9520 4555,636 St Kilda Road,Level 3,Melbourne,Victoria,3004,Australia,APAC,Ferguson,Peter,Medium
776,10370,22,96.86,7,2130.92,1/20/2005 0:00,Shipped,1,1,2005,Trucks and Buses,60,S18_2432,"Anna's Decorations, Ltd",02 9936 8555,201 Miller Street,Level 15,North Sydney,NSW,2060,Australia,APAC,O'Hara,Anna,Small
778,10391,44,38.5,5,1694,3/9/2005 0:00,Shipped,1,3,2005,Trucks and Buses,60,S18_2432,"Anna's Decorations, Ltd",02 9936 8555,201 Miller Street,Level 15,North Sydney,NSW,2060,Australia,APAC,O'Hara,Anna,Small
782,10120,29,71.81,8,2082.49,4/29/2003 0:00,Shipped,2,4,2003,Planes,84,S18_2581,"Australian Collectors, Co.",03 9520 4555,636 St Kilda Road,Level 3,Melbourne,Victoria,3004,Australia,APAC,Ferguson,Peter,Small
787,10223,47,100,9,4724.91,2/20/2004 0:00,Shipped,1,2,2004,Planes,84,S18_2581,"Australian Collectors, Co.",03 9520 4555,636 St Kilda Road,Level 3,Melbourne,Victoria,3004,Australia,APAC,Ferguson,Peter,Medium
805,10120,46,58.15,4,2674.9,4/29/2003 0:00,Shipped,2,4,2003,Motorcycles,60,S18_2625,"Australian Collectors, Co.",03 9520 4555,636 St Kilda Road,Level 3,Melbourne,Victoria,3004,Australia,APAC,Ferguson,Peter,Small
814,10223,28,60.57,5,1695.96,2/20/2004 0:00,Shipped,1,2,2004,Motorcycles,60,S18_2625,"Australian Collectors, Co.",03 9520 4555,636 St Kilda Road,Level 3,Melbourne,Victoria,3004,Australia,APAC,Ferguson,Peter,Small
832,10125,34,100,2,6483.46,5/21/2003 0:00,Shipped,2,5,2003,Vintage Cars,168,S18_2795,"Australian Collectors, Co.",03 9520 4555,636 St Kilda Road,Level 3,Melbourne,Victoria,3004,Australia,APAC,Ferguson,Peter,Medium
833,10139,41,100,8,7956.46,7/16/2003 0:00,Shipped,3,7,2003,Vintage Cars,168,S18_2795,Souveniers And Things Co.,+61 2 9495 8555,"Monitor Money Building, 815 Pacific Hwy",Level 6,Chatswood,NSW,2067,Australia,APAC,Huxley,Adrian,Large
850,10347,21,100,6,4815.3,11/29/2004 0:00,Shipped,4,11,2004,Vintage Cars,168,S18_2795,"Australian Collectors, Co.",03 9520 4555,636 St Kilda Road,Level 3,Melbourne,Victoria,3004,Australia,APAC,Ferguson,Peter,Medium
859,10148,27,100,10,3528.36,9/11/2003 0:00,Shipped,3,9,2003,Classic Cars,132,S18_2870,"Anna's Decorations, Ltd",02 9936 8555,201 Miller Street,Level 15,North Sydney,NSW,2060,Australia,APAC,O'Hara,Anna,Medium
884,10139,46,100,1,5545.76,7/16/2003 0:00,Shipped,3,7,2003,Vintage Cars,101,S18_2949,Souveniers And Things Co.,+61 2 9495 8555,"Monitor Money Building, 815 Pacific Hwy",Level 6,Chatswood,NSW,2067,Australia,APAC,Huxley,Adrian,Medium
895,10270,31,96.24,10,2983.44,7/19/2004 0:00,Shipped,3,7,2004,Vintage Cars,101,S18_2949,Souveniers And Things Co.,+61 2 9495 8555,"Monitor Money Building, 815 Pacific Hwy",Level 6,Chatswood,NSW,2067,Australia,APAC,Huxley,Adrian,Small
902,10347,48,100,9,4814.4,11/29/2004 0:00,Shipped,4,11,2004,Vintage Cars,101,S18_2949,"Australian Collectors, Co.",03 9520 4555,636 St Kilda Road,Level 3,Melbourne,Victoria,3004,Australia,APAC,Ferguson,Peter,Medium
906,10391,32,45.25,6,1448,3/9/2005 0:00,Shipped,1,3,2005,Vintage Cars,101,S18_2949,"Anna's Decorations, Ltd",02 9936 8555,201 Miller Street,Level 15,North Sydney,NSW,2060,Australia,APAC,O'Hara,Anna,Small
911,10139,20,71.2,3,1424,7/16/2003 0:00,Shipped,3,7,2003,Vintage Cars,62,S18_2957,Souveniers And Things Co.,+61 2 9495 8555,"Monitor Money Building, 815 Pacific Hwy",Level 6,Chatswood,NSW,2067,Australia,APAC,Huxley,Adrian,Small
929,10347,34,64.96,10,2208.64,11/29/2004 0:00,Shipped,4,11,2004,Vintage Cars,62,S18_2957,"Australian Collectors, Co.",03 9520 4555,636 St Kilda Road,Level 3,Melbourne,Victoria,3004,Australia,APAC,Ferguson,Peter,Small
964,10139,20,90.06,2,1801.2,7/16/2003 0:00,Shipped,3,7,2003,Vintage Cars,104,S18_3136,Souveniers And Things Co.,+61 2 9495 8555,"Monitor Money Building, 815 Pacific Hwy",Level 6,Chatswood,NSW,2067,Australia,APAC,Huxley,Adrian,Small
975,10270,38,100,11,4775.08,7/19/2004 0:00,Shipped,3,7,2004,Vintage Cars,104,S18_3136,Souveniers And Things Co.,+61 2 9495 8555,"Monitor Money Building, 815 Pacific Hwy",Level 6,Chatswood,NSW,2067,Australia,APAC,Huxley,Adrian,Medium
982,10347,45,100,11,4948.2,11/29/2004 0:00,Shipped,4,11,2004,Vintage Cars,104,S18_3136,"Australian Collectors, Co.",03 9520 4555,636 St Kilda Road,Level 3,Melbourne,Victoria,3004,Australia,APAC,Ferguson,Peter,Medium
1020,10148,32,100,14,5418.88,9/11/2003 0:00,Shipped,3,9,2003,Classic Cars,169,S18_3232,"Anna's Decorations, Ltd",02 9936 8555,201 Miller Street,Level 15,North Sydney,NSW,2060,Australia,APAC,O'Hara,Anna,Medium
1053,10342,30,100,4,5029.5,11/24/2004 0:00,Shipped,4,11,2004,Classic Cars,169,S18_3232,"Australian Collectors, Co.",03 9520 4555,636 St Kilda Road,Level 3,Melbourne,Victoria,3004,Australia,APAC,Ferguson,Peter,Medium
1057,10370,27,56.85,9,1534.95,1/20/2005 0:00,Shipped,1,1,2005,Classic Cars,169,S18_3232,"Anna's Decorations, Ltd",02 9936 8555,201 Miller Street,Level 15,North Sydney,NSW,2060,Australia,APAC,O'Hara,Anna,Small
1095,10169,32,70.76,5,2264.32,11/4/2003 0:00,Shipped,4,11,2003,Classic Cars,80,S18_3278,"Anna's Decorations, Ltd",02 9936 8555,201 Miller Street,Level 15,North Sydney,NSW,2060,Australia,APAC,O'Hara,Anna,Small
1110,10342,25,66.74,5,1668.5,11/24/2004 0:00,Shipped,4,11,2004,Classic Cars,80,S18_3278,"Australian Collectors, Co.",03 9520 4555,636 St Kilda Road,Level 3,Melbourne,Victoria,3004,Australia,APAC,Ferguson,Peter,Small
1117,10139,30,100,5,3095.4,7/16/2003 0:00,Shipped,3,7,2003,Vintage Cars,99,S18_3320,Souveniers And Things Co.,+61 2 9495 8555,"Monitor Money Building, 815 Pacific Hwy",Level 6,Chatswood,NSW,2067,Australia,APAC,Huxley,Adrian,Medium
1134,10347,26,100,12,2656.94,11/29/2004 0:00,Shipped,4,11,2004,Vintage Cars,99,S18_3320,"Australian Collectors, Co.",03 9520 4555,636 St Kilda Road,Level 3,Melbourne,Victoria,3004,Australia,APAC,Ferguson,Peter,Small
1145,10169,36,100,4,4444.92,11/4/2003 0:00,Shipped,4,11,2003,Classic Cars,146,S18_3482,"Anna's Decorations, Ltd",02 9936 8555,201 Miller Street,Level 15,North Sydney,NSW,2060,Australia,APAC,O'Hara,Anna,Medium
1160,10342,55,100,7,6548.3,11/24/2004 0:00,Shipped,4,11,2004,Classic Cars,146,S18_3482,"Australian Collectors, Co.",03 9520 4555,636 St Kilda Road,Level 3,Melbourne,Victoria,3004,Australia,APAC,Ferguson,Peter,Medium
1168,10148,28,100,11,3639.44,9/11/2003 0:00,Shipped,3,9,2003,Classic Cars,141,S18_3685,"Anna's Decorations, Ltd",02 9936 8555,201 Miller Street,Level 15,North Sydney,NSW,2060,Australia,APAC,O'Hara,Anna,Medium
1195,10169,38,68.39,8,2598.82,11/4/2003 0:00,Shipped,4,11,2003,Motorcycles,62,S18_3782,"Anna's Decorations, Ltd",02 9936 8555,201 Miller Street,Level 15,North Sydney,NSW,2060,Australia,APAC,O'Hara,Anna,Small
1209,10342,26,55.95,8,1454.7,11/24/2004 0:00,Shipped,4,11,2004,Motorcycles,62,S18_3782,"Australian Collectors, Co.",03 9520 4555,636 St Kilda Road,Level 3,Melbourne,Victoria,3004,Australia,APAC,Ferguson,Peter,Small
1270,10148,34,100,1,3598.22,9/11/2003 0:00,Shipped,3,9,2003,Vintage Cars,92,S18_4409,"Anna's Decorations, Ltd",02 9936 8555,201 Miller Street,Level 15,North Sydney,NSW,2060,Australia,APAC,O'Hara,Anna,Medium
1288,10420,66,92.95,6,6134.7,5/29/2005 0:00,In Process,2,5,2005,Vintage Cars,92,S18_4409,Souveniers And Things Co.,+61 2 9495 8555,"Monitor Money Building, 815 Pacific Hwy",Level 6,Chatswood,NSW,2067,Australia,APAC,Huxley,Adrian,Medium
1329,10270,38,100,3,5383.08,7/19/2004 0:00,Shipped,3,7,2004,Trucks and Buses,121,S18_4600,Souveniers And Things Co.,+61 2 9495 8555,"Monitor Money Building, 815 Pacific Hwy",Level 6,Chatswood,NSW,2067,Australia,APAC,Huxley,Adrian,Medium
1336,10347,45,100,4,5884.65,11/29/2004 0:00,Shipped,4,11,2004,Trucks and Buses,121,S18_4600,"Australian Collectors, Co.",03 9520 4555,636 St Kilda Road,Level 3,Melbourne,Victoria,3004,Australia,APAC,Ferguson,Peter,Medium
1338,10370,29,57.53,6,1668.37,1/20/2005 0:00,Shipped,1,1,2005,Trucks and Buses,121,S18_4600,"Anna's Decorations, Ltd",02 9936 8555,201 Miller Street,Level 15,North Sydney,NSW,2060,Australia,APAC,O'Hara,Anna,Small
1356,10270,44,58.36,7,2567.84,7/19/2004 0:00,Shipped,3,7,2004,Vintage Cars,50,S18_4668,Souveniers And Things Co.,+61 2 9495 8555,"Monitor Money Building, 815 Pacific Hwy",Level 6,Chatswood,NSW,2067,Australia,APAC,Huxley,Adrian,Small
1365,10370,20,100,2,2730,1/20/2005 0:00,Shipped,1,1,2005,Vintage Cars,50,S18_4668,"Anna's Decorations, Ltd",02 9936 8555,201 Miller Street,Level 15,North Sydney,NSW,2060,Australia,APAC,O'Hara,Anna,Small
1374,10169,33,100,7,4910.4,11/4/2003 0:00,Shipped,4,11,2003,Classic Cars,148,S18_4721,"Anna's Decorations, Ltd",02 9936 8555,201 Miller Street,Level 15,North Sydney,NSW,2060,Australia,APAC,O'Hara,Anna,Medium
1388,10342,38,100,11,6276.46,11/24/2004 0:00,Shipped,4,11,2004,Classic Cars,148,S18_4721,"Australian Collectors, Co.",03 9520 4555,636 St Kilda Road,Level 3,Melbourne,Victoria,3004,Australia,APAC,Ferguson,Peter,Medium
1395,10148,29,81.25,2,2356.25,9/11/2003 0:00,Shipped,3,9,2003,Classic Cars,71,S18_4933,"Anna's Decorations, Ltd",02 9936 8555,201 Miller Street,Level 15,North Sydney,NSW,2060,Australia,APAC,O'Hara,Anna,Small
1414,10420,36,57.73,7,2078.28,5/29/2005 0:00,In Process,2,5,2005,Classic Cars,71,S18_4933,Souveniers And Things Co.,+61 2 9495 8555,"Monitor Money Building, 815 Pacific Hwy",Level 6,Chatswood,NSW,2067,Australia,APAC,Huxley,Adrian,Small
1417,10148,25,60.26,6,1506.5,9/11/2003 0:00,Shipped,3,9,2003,Classic Cars,73,S24_1046,"Anna's Decorations, Ltd",02 9936 8555,201 Miller Street,Level 15,North Sydney,NSW,2060,Australia,APAC,O'Hara,Anna,Small
1437,10420,60,64.67,11,3880.2,5/29/2005 0:00,In Process,2,5,2005,Classic Cars,73,S24_1046,Souveniers And Things Co.,+61 2 9495 8555,"Monitor Money Building, 815 Pacific Hwy",Level 6,Chatswood,NSW,2067,Australia,APAC,Huxley,Adrian,Medium
1467,10120,35,98.05,1,3431.75,4/29/2003 0:00,Shipped,2,4,2003,Motorcycles,112,S24_1578,"Australian Collectors, Co.",03 9520 4555,636 St Kilda Road,Level 3,Melbourne,Victoria,3004,Australia,APAC,Ferguson,Peter,Medium
1476,10223,32,91.29,2,2921.28,2/20/2004 0:00,Shipped,1,2,2004,Motorcycles,112,S24_1578,"Australian Collectors, Co.",03 9520 4555,636 St Kilda Road,Level 3,Melbourne,Victoria,3004,Australia,APAC,Ferguson,Peter,Small
1495,10148,47,56.85,8,2671.95,9/11/2003 0:00,Shipped,3,9,2003,Classic Cars,50,S24_1628,"Anna's Decorations, Ltd",02 9936 8555,201 Miller Street,Level 15,North Sydney,NSW,2060,Australia,APAC,O'Hara,Anna,Small
1515,10420,37,60.37,13,2233.69,5/29/2005 0:00,In Process,2,5,2005,Classic Cars,50,S24_1628,Souveniers And Things Co.,+61 2 9495 8555,"Monitor Money Building, 815 Pacific Hwy",Level 6,Chatswood,NSW,2067,Australia,APAC,Huxley,Adrian,Small
1517,10120,39,100,10,4651.53,4/29/2003 0:00,Shipped,2,4,2003,Planes,109,S24_1785,"Australian Collectors, Co.",03 9520 4555,636 St Kilda Road,Level 3,Melbourne,Victoria,3004,Australia,APAC,Ferguson,Peter,Medium
1522,10223,34,100,11,3608.76,2/20/2004 0:00,Shipped,1,2,2004,Planes,109,S24_1785,"Australian Collectors, Co.",03 9520 4555,636 St Kilda Road,Level 3,Melbourne,Victoria,3004,Australia,APAC,Ferguson,Peter,Medium
1561,10391,33,100,8,8344.71,3/9/2005 0:00,Shipped,1,3,2005,Vintage Cars,33,S24_1937,"Anna's Decorations, Ltd",02 9936 8555,201 Miller Street,Level 15,North Sydney,NSW,2060,Australia,APAC,O'Hara,Anna,Large
1563,10420,45,26.88,1,1209.6,5/29/2005 0:00,In Process,2,5,2005,Vintage Cars,33,S24_1937,Souveniers And Things Co.,+61 2 9495 8555,"Monitor Money Building, 815 Pacific Hwy",Level 6,Chatswood,NSW,2067,Australia,APAC,Huxley,Adrian,Small
1565,10120,34,83.79,5,2848.86,4/29/2003 0:00,Shipped,2,4,2003,Motorcycles,76,S24_2000,"Australian Collectors, Co.",03 9520 4555,636 St Kilda Road,Level 3,Melbourne,Victoria,3004,Australia,APAC,Ferguson,Peter,Small
1574,10223,38,69.31,6,2633.78,2/20/2004 0:00,Shipped,1,2,2004,Motorcycles,76,S24_2000,"Australian Collectors, Co.",03 9520 4555,636 St Kilda Road,Level 3,Melbourne,Victoria,3004,Australia,APAC,Ferguson,Peter,Small
1639,10391,24,100,1,4042.08,3/9/2005 0:00,Shipped,1,3,2005,Vintage Cars,44,S24_2022,"Anna's Decorations, Ltd",02 9936 8555,201 Miller Street,Level 15,North Sydney,NSW,2060,Australia,APAC,O'Hara,Anna,Medium
1673,10169,38,74.11,11,2816.18,11/4/2003 0:00,Shipped,4,11,2003,Motorcycles,69,S24_2360,"Anna's Decorations, Ltd",02 9936 8555,201 Miller Street,Level 15,North Sydney,NSW,2060,Australia,APAC,O'Hara,Anna,Small
1695,10148,21,73.6,4,1545.6,9/11/2003 0:00,Shipped,3,9,2003,Classic Cars,90,S24_2766,"Anna's Decorations, Ltd",02 9936 8555,201 Miller Street,Level 15,North Sydney,NSW,2060,Australia,APAC,O'Hara,Anna,Small
1715,10420,39,100,9,3933.93,5/29/2005 0:00,In Process,2,5,2005,Classic Cars,90,S24_2766,Souveniers And Things Co.,+61 2 9495 8555,"Monitor Money Building, 815 Pacific Hwy",Level 6,Chatswood,NSW,2067,Australia,APAC,Huxley,Adrian,Medium
1772,10148,34,100,3,4392.12,9/11/2003 0:00,Shipped,3,9,2003,Classic Cars,117,S24_2887,"Anna's Decorations, Ltd",02 9936 8555,201 Miller Street,Level 15,North Sydney,NSW,2060,Australia,APAC,O'Hara,Anna,Medium
1791,10420,55,96.3,8,5296.5,5/29/2005 0:00,In Process,2,5,2005,Classic Cars,117,S24_2887,Souveniers And Things Co.,+61 2 9495 8555,"Monitor Money Building, 815 Pacific Hwy",Level 6,Chatswood,NSW,2067,Australia,APAC,Huxley,Adrian,Medium
1812,10342,39,40.4,9,1575.6,11/24/2004 0:00,Shipped,4,11,2004,Classic Cars,37,S24_2972,"Australian Collectors, Co.",03 9520 4555,636 St Kilda Road,Level 3,Melbourne,Victoria,3004,Australia,APAC,Ferguson,Peter,Small
1847,10148,31,73.62,5,2282.22,9/11/2003 0:00,Shipped,3,9,2003,Classic Cars,85,S24_3191,"Anna's Decorations, Ltd",02 9936 8555,201 Miller Street,Level 15,North Sydney,NSW,2060,Australia,APAC,O'Hara,Anna,Small
1867,10420,35,96.74,10,3385.9,5/29/2005 0:00,In Process,2,5,2005,Classic Cars,85,S24_3191,Souveniers And Things Co.,+61 2 9495 8555,"Monitor Money Building, 815 Pacific Hwy",Level 6,Chatswood,NSW,2067,Australia,APAC,Huxley,Adrian,Medium
1873,10169,34,50.21,1,1707.14,11/4/2003 0:00,Shipped,4,11,2003,Classic Cars,61,S24_3371,"Anna's Decorations, Ltd",02 9936 8555,201 Miller Street,Level 15,North Sydney,NSW,2060,Australia,APAC,O'Hara,Anna,Small
1888,10342,48,62.45,10,2997.6,11/24/2004 0:00,Shipped,4,11,2004,Classic Cars,61,S24_3371,"Australian Collectors, Co.",03 9520 4555,636 St Kilda Road,Level 3,Melbourne,Victoria,3004,Australia,APAC,Ferguson,Peter,Small
1915,10361,34,100,6,3871.92,12/17/2004 0:00,Shipped,4,12,2004,Vintage Cars,65,S24_3420,Souveniers And Things Co.,+61 2 9495 8555,"Monitor Money Building, 815 Pacific Hwy",Level 6,Chatswood,NSW,2067,Australia,APAC,Huxley,Adrian,Medium
1923,10148,27,100,7,3469.5,9/11/2003 0:00,Shipped,3,9,2003,Classic Cars,107,S24_3432,"Anna's Decorations, Ltd",02 9936 8555,201 Miller Street,Level 15,North Sydney,NSW,2060,Australia,APAC,O'Hara,Anna,Medium
1943,10420,26,100,12,2617.16,5/29/2005 0:00,In Process,2,5,2005,Classic Cars,107,S24_3432,Souveniers And Things Co.,+61 2 9495 8555,"Monitor Money Building, 815 Pacific Hwy",Level 6,Chatswood,NSW,2067,Australia,APAC,Huxley,Adrian,Small
1990,10342,42,100,6,5013.54,11/24/2004 0:00,Shipped,4,11,2004,Classic Cars,140,S24_3856,"Australian Collectors, Co.",03 9520 4555,636 St Kilda Road,Level 3,Melbourne,Victoria,3004,Australia,APAC,Ferguson,Peter,Medium
2018,10361,26,100,7,3710.98,12/17/2004 0:00,Shipped,4,12,2004,Planes,68,S24_3949,Souveniers And Things Co.,+61 2 9495 8555,"Monitor Money Building, 815 Pacific Hwy",Level 6,Chatswood,NSW,2067,Australia,APAC,Huxley,Adrian,Medium
2045,10420,15,43.49,3,652.35,5/29/2005 0:00,In Process,2,5,2005,Vintage Cars,41,S24_3969,Souveniers And Things Co.,+61 2 9495 8555,"Monitor Money Building, 815 Pacific Hwy",Level 6,Chatswood,NSW,2067,Australia,APAC,Huxley,Adrian,Small
2075,10139,29,100,4,3276.13,7/16/2003 0:00,Shipped,3,7,2003,Vintage Cars,97,S24_4258,Souveniers And Things Co.,+61 2 9495 8555,"Monitor Money Building, 815 Pacific Hwy",Level 6,Chatswood,NSW,2067,Australia,APAC,Huxley,Adrian,Medium
2099,10120,29,85.49,9,2479.21,4/29/2003 0:00,Shipped,2,4,2003,Planes,72,S24_4278,"Australian Collectors, Co.",03 9520 4555,636 St Kilda Road,Level 3,Melbourne,Victoria,3004,Australia,APAC,Ferguson,Peter,Small
2104,10223,23,74.62,10,1716.26,2/20/2004 0:00,Shipped,1,2,2004,Planes,72,S24_4278,"Australian Collectors, Co.",03 9520 4555,636 St Kilda Road,Level 3,Melbourne,Victoria,3004,Australia,APAC,Ferguson,Peter,Small
2116,10361,25,62.46,1,1561.5,12/17/2004 0:00,Shipped,4,12,2004,Planes,72,S24_4278,Souveniers And Things Co.,+61 2 9495 8555,"Monitor Money Building, 815 Pacific Hwy",Level 6,Chatswood,NSW,2067,Australia,APAC,Huxley,Adrian,Small
2127,10169,24,94.58,6,2269.92,11/4/2003 0:00,Shipped,4,11,2003,Classic Cars,80,S24_4620,"Anna's Decorations, Ltd",02 9936 8555,201 Miller Street,Level 15,North Sydney,NSW,2060,Australia,APAC,O'Hara,Anna,Small
2160,10270,32,85.72,1,2743.04,7/19/2004 0:00,Shipped,3,7,2004,Trucks and Buses,96,S32_1268,Souveniers And Things Co.,+61 2 9495 8555,"Monitor Money Building, 815 Pacific Hwy",Level 6,Chatswood,NSW,2067,Australia,APAC,Huxley,Adrian,Small
2174,10120,22,100,6,2461.36,4/29/2003 0:00,Shipped,2,4,2003,Motorcycles,99,S32_1374,"Australian Collectors, Co.",03 9520 4555,636 St Kilda Road,Level 3,Melbourne,Victoria,3004,Australia,APAC,Ferguson,Peter,Small
2180,10223,21,100,7,2475.27,2/20/2004 0:00,Shipped,1,2,2004,Motorcycles,99,S32_1374,"Australian Collectors, Co.",03 9520 4555,636 St Kilda Road,Level 3,Melbourne,Victoria,3004,Australia,APAC,Ferguson,Peter,Small
2202,10169,26,39.83,9,1035.58,11/4/2003 0:00,Shipped,4,11,2003,Motorcycles,40,S32_2206,"Anna's Decorations, Ltd",02 9936 8555,201 Miller Street,Level 15,North Sydney,NSW,2060,Australia,APAC,O'Hara,Anna,Small
2290,10270,21,63.35,5,1330.35,7/19/2004 0:00,Shipped,3,7,2004,Trucks and Buses,64,S32_3522,Souveniers And Things Co.,+61 2 9495 8555,"Monitor Money Building, 815 Pacific Hwy",Level 6,Chatswood,NSW,2067,Australia,APAC,Huxley,Adrian,Small
2299,10370,25,100,3,3160.25,1/20/2005 0:00,Shipped,1,1,2005,Trucks and Buses,64,S32_3522,"Anna's Decorations, Ltd",02 9936 8555,201 Miller Street,Level 15,North Sydney,NSW,2060,Australia,APAC,O'Hara,Anna,Medium
2304,10120,29,72.23,11,2094.67,4/29/2003 0:00,Shipped,2,4,2003,Vintage Cars,68,S32_4289,"Australian Collectors, Co.",03 9520 4555,636 St Kilda Road,Level 3,Melbourne,Victoria,3004,Australia,APAC,Ferguson,Peter,Small
2309,10223,20,66.04,12,1320.8,2/20/2004 0:00,Shipped,1,2,2004,Vintage Cars,68,S32_4289,"Australian Collectors, Co.",03 9520 4555,636 St Kilda Road,Level 3,Melbourne,Victoria,3004,Australia,APAC,Ferguson,Peter,Small
2321,10361,49,72.33,2,3544.17,12/17/2004 0:00,Shipped,4,12,2004,Vintage Cars,68,S32_4289,Souveniers And Things Co.,+61 2 9495 8555,"Monitor Money Building, 815 Pacific Hwy",Level 6,Chatswood,NSW,2067,Australia,APAC,Huxley,Adrian,Medium
2332,10169,34,100,12,3920.88,11/4/2003 0:00,Shipped,4,11,2003,Motorcycles,102,S32_4485,"Anna's Decorations, Ltd",02 9936 8555,201 Miller Street,Level 15,North Sydney,NSW,2060,Australia,APAC,O'Hara,Anna,Medium
2353,10120,49,50.62,12,2480.38,4/29/2003 0:00,Shipped,2,4,2003,Vintage Cars,43,S50_1341,"Australian Collectors, Co.",03 9520 4555,636 St Kilda Road,Level 3,Melbourne,Victoria,3004,Australia,APAC,Ferguson,Peter,Small
2360,10223,41,46.26,13,1896.66,2/20/2004 0:00,Shipped,1,2,2004,Vintage Cars,43,S50_1341,"Australian Collectors, Co.",03 9520 4555,636 St Kilda Road,Level 3,Melbourne,Victoria,3004,Australia,APAC,Ferguson,Peter,Small
2372,10361,33,82.59,3,2725.47,12/17/2004 0:00,Shipped,4,12,2004,Vintage Cars,43,S50_1341,Souveniers And Things Co.,+61 2 9495 8555,"Monitor Money Building, 815 Pacific Hwy",Level 6,Chatswood,NSW,2067,Australia,APAC,Huxley,Adrian,Small
2437,10169,48,80.55,10,3866.4,11/4/2003 0:00,Shipped,4,11,2003,Motorcycles,81,S50_4713,"Anna's Decorations, Ltd",02 9936 8555,201 Miller Street,Level 15,North Sydney,NSW,2060,Australia,APAC,O'Hara,Anna,Medium
2484,10120,47,82.21,13,3863.87,4/29/2003 0:00,Shipped,2,4,2003,Planes,91,S700_1691,"Australian Collectors, Co.",03 9520 4555,636 St Kilda Road,Level 3,Melbourne,Victoria,3004,Australia,APAC,Ferguson,Peter,Medium
2491,10223,25,100,14,2534.75,2/20/2004 0:00,Shipped,1,2,2004,Planes,91,S700_1691,"Australian Collectors, Co.",03 9520 4555,636 St Kilda Road,Level 3,Melbourne,Victoria,3004,Australia,APAC,Ferguson,Peter,Small
2503,10361,20,60.54,4,1210.8,12/17/2004 0:00,Shipped,4,12,2004,Planes,91,S700_1691,Souveniers And Things Co.,+61 2 9495 8555,"Monitor Money Building, 815 Pacific Hwy",Level 6,Chatswood,NSW,2067,Australia,APAC,Huxley,Adrian,Small
2555,10361,24,45.39,14,1089.36,12/17/2004 0:00,Shipped,4,12,2004,Ships,90,S700_2047,Souveniers And Things Co.,+61 2 9495 8555,"Monitor Money Building, 815 Pacific Hwy",Level 6,Chatswood,NSW,2067,Australia,APAC,Huxley,Adrian,Small
2562,10120,24,100,15,2584.8,4/29/2003 0:00,Shipped,2,4,2003,Planes,99,S700_2466,"Australian Collectors, Co.",03 9520 4555,636 St Kilda Road,Level 3,Melbourne,Victoria,3004,Australia,APAC,Ferguson,Peter,Small
2582,10361,26,100,9,2754.7,12/17/2004 0:00,Shipped,4,12,2004,Planes,99,S700_2466,Souveniers And Things Co.,+61 2 9495 8555,"Monitor Money Building, 815 Pacific Hwy",Level 6,Chatswood,NSW,2067,Australia,APAC,Huxley,Adrian,Small
2628,10270,46,88,4,4048,7/19/2004 0:00,Shipped,3,7,2004,Classic Cars,101,S700_2824,Souveniers And Things Co.,+61 2 9495 8555,"Monitor Money Building, 815 Pacific Hwy",Level 6,Chatswood,NSW,2067,Australia,APAC,Huxley,Adrian,Medium
2642,10120,24,100,7,3417.12,4/29/2003 0:00,Shipped,2,4,2003,Planes,118,S700_2834,"Australian Collectors, Co.",03 9520 4555,636 St Kilda Road,Level 3,Melbourne,Victoria,3004,Australia,APAC,Ferguson,Peter,Medium
2648,10223,29,100,8,3199.86,2/20/2004 0:00,Shipped,1,2,2004,Planes,118,S700_2834,"Australian Collectors, Co.",03 9520 4555,636 St Kilda Road,Level 3,Melbourne,Victoria,3004,Australia,APAC,Ferguson,Peter,Medium
2660,10361,44,72.42,5,3186.48,12/17/2004 0:00,Shipped,4,12,2004,Planes,118,S700_2834,Souveniers And Things Co.,+61 2 9495 8555,"Monitor Money Building, 815 Pacific Hwy",Level 6,Chatswood,NSW,2067,Australia,APAC,Huxley,Adrian,Medium
2667,10120,43,76,14,3268,4/29/2003 0:00,Shipped,2,4,2003,Planes,80,S700_3167,"Australian Collectors, Co.",03 9520 4555,636 St Kilda Road,Level 3,Melbourne,Victoria,3004,Australia,APAC,Ferguson,Peter,Medium
2673,10223,26,67.2,15,1747.2,2/20/2004 0:00,Shipped,1,2,2004,Planes,80,S700_3167,"Australian Collectors, Co.",03 9520 4555,636 St Kilda Road,Level 3,Melbourne,Victoria,3004,Australia,APAC,Ferguson,Peter,Small
2685,10361,44,100,10,5001.92,12/17/2004 0:00,Shipped,4,12,2004,Planes,80,S700_3167,Souveniers And Things Co.,+61 2 9495 8555,"Monitor Money Building, 815 Pacific Hwy",Level 6,Chatswood,NSW,2067,Australia,APAC,Huxley,Adrian,Medium
2764,10361,35,100,11,4277.35,12/17/2004 0:00,Shipped,4,12,2004,Planes,74,S700_4002,Souveniers And Things Co.,+61 2 9495 8555,"Monitor Money Building, 815 Pacific Hwy",Level 6,Chatswood,NSW,2067,Australia,APAC,Huxley,Adrian,Medium
2791,10361,23,95.2,12,2189.6,12/17/2004 0:00,Shipped,4,12,2004,Planes,49,S72_1253,Souveniers And Things Co.,+61 2 9495 8555,"Monitor Money Building, 815 Pacific Hwy",Level 6,Chatswood,NSW,2067,Australia,APAC,Huxley,Adrian,Small
